"","station","name","longitude","latitude","avg_stop_times","prov","count","groups","k","maxcount","maj_groups","major_hub","non_hub"
"1","008895000","Aalst",4.039653,50.942813,88.263005780347,"Oost-Vlaanderen",100,"g1","k = 11",152,"mg1","N","N"
"2","008895125","Aalst-Kerrebroek",4.024407,50.948377,7.2976878612717,"Oost-Vlaanderen",1,"g1","k = 11",152,"mg2","N","Y"
"3","008891140","Aalter",3.447848,51.092295,78.488439306358,"Oost-Vlaanderen",91,"g2","k = 11",343,"mg1","N","N"
"4","008833209","Aarschot",4.824043,50.984406,123.80057803468,"Vlaams Brabant",110,"g3","k = 11",300,"mg1","N","N"
"5","008892288","Aarsele",3.418363,50.98446,2.4768786127168,"West-Vlaanderen",6,"g2","k = 11",343,"mg2","N","Y"
"6","008886546","Acren",3.847086,50.733095,27.14161849711,"Hainaut",7,"g1","k = 11",152,"mg2","N","Y"
"7","008874583","Aiseau",4.584552,50.429529,16.473988439306,"Hainaut",7,"g4","k = 11",114,"mg2","N","Y"
"8","008831039","Alken",5.292866,50.886837,37.953757225434,"Limburg",42,"g5","k = 11",132,"mg3","N","N"
"9","008843331","Amay",5.32049,50.546011,21.653179190751,"Liège",1,"g6","k = 11",119,"mg2","N","Y"
"10","008843323","Ampsin",5.289729,50.539215,21.653179190751,"Liège",1,"g6","k = 11",119,"mg2","N","Y"
"11","008863404","Andenne",5.094699,50.496759,55.043352601156,"Namur",21,"g4","k = 11",114,"mg4","N","N"
"12","008842002","Angleur",5.599695,50.613152,87.130057803468,"Liège",28,"g6","k = 11",119,"mg4","N","N"
"13","008841202","Ans",5.509704,50.661208,53.239884393064,"Liège",35,"g6","k = 11",119,"mg3","N","N"
"14","008885522","Antoing",3.451309,50.569626,31.725433526012,"Hainaut",7,"g7","k = 11",63,"mg2","N","Y"
"15","008821121","Antwerpen-Berchem",4.432221,51.19923,421.64450867052,"Antwerpen",322,"g8","k = 11",334,"mg5","Y","N"
"16","008821006","Antwerpen-Centraal",4.421101,51.2172,467.98265895954,"Antwerpen",334,"g8","k = 11",334,"mg5","Y","N"
"17","008821048","Antwerpen-Haven",4.379086,51.289968,0,"Antwerpen",0,"g8","k = 11",334,"mg2","N","Y"
"18","008821063","Antwerpen-Luchtbal",4.425029,51.244132,48.540462427746,"Antwerpen",6,"g8","k = 11",334,"mg2","N","Y"
"19","008821089","Antwerpen-Noorderdokken",4.427906,51.261643,22.242774566474,"Antwerpen",6,"g8","k = 11",334,"mg2","N","Y"
"20","008821022","Antwerpen-Oost",4.436392,51.207357,0,"Antwerpen",0,"g8","k = 11",334,"mg2","N","Y"
"21","008821196","Antwerpen-Zuid",4.390259,51.197828,71.193641618497,"Antwerpen",54,"g8","k = 11",334,"mg3","N","N"
"22","008892734","Anzegem",3.495014,50.826385,22.650289017341,"West-Vlaanderen",3,"g2","k = 11",343,"mg2","N","Y"
"23","008895745","Appelterre",3.972108,50.813063,26.864161849711,"Oost-Vlaanderen",17,"g1","k = 11",152,"mg4","N","N"
"24","008811759","Archennes",4.662444,50.754345,49.895953757225,"Brabant Wallon",11,"g3","k = 11",300,"mg2","N","Y"
"25","008812070","Asse",4.207985,50.906488,38.589595375723,"Vlaams Brabant",36,"g8","k = 11",334,"mg3","N","N"
"26","008886009","Ath",3.777429,50.626932,66.294797687861,"Hainaut",49,"g1","k = 11",152,"mg3","N","N"
"27","008874716","Auvelais",4.630532,50.449197,37.872832369942,"Namur",14,"g4","k = 11",114,"mg4","N","N"
"28","008842754","Aywaille",5.672499,50.472938,20.537572254335,"Liège",0,"g6","k = 11",119,"mg2","N","Y"
"29","008822160","Baasrode-Zuid",4.153492,51.019437,17.020231213873,"Oost-Vlaanderen",24,"g8","k = 11",334,"mg4","N","N"
"30","008895257","Balegem-Dorp",3.791425,50.919612,26.708092485549,"Oost-Vlaanderen",10,"g2","k = 11",343,"mg2","N","Y"
"31","008895240","Balegem-Zuid",3.80587,50.90051,20.176300578035,"Oost-Vlaanderen",10,"g2","k = 11",343,"mg2","N","Y"
"32","008832045","Balen",5.164986,51.169099,28.393063583815,"Antwerpen",3,"g5","k = 11",132,"mg2","N","Y"
"33","008895463","Bambrugge",3.935711,50.913769,7.2976878612717,"Oost-Vlaanderen",1,"g1","k = 11",152,"mg2","N","Y"
"34","008843430","Bas-Oha",5.190937,50.52263,24.320809248555,"Liège",1,"g6","k = 11",119,"mg2","N","Y"
"35","008811734","Basse-Wavre",4.621651,50.72442,50.138728323699,"Brabant Wallon",11,"g4","k = 11",114,"mg2","N","Y"
"36","008891124","Beernem",3.329892,51.128009,29.765895953757,"West-Vlaanderen",31,"g2","k = 11",343,"mg4","N","N"
"37","008814423","Beersel",4.302605,50.766616,37.742774566474,"Vlaams Brabant",19,"g9","k = 11",660,"mg4","N","N"
"38","008894151","Beervelde",3.879384,51.08753,11.973988439306,"Oost-Vlaanderen",12,"g1","k = 11",152,"mg4","N","N"
"39","008821865","Begijnendijk",4.800338,51.021972,29.921965317919,"Vlaams Brabant",18,"g3","k = 11",300,"mg4","N","N"
"40","008891157","Bellem",3.487374,51.083908,25.867052023121,"Oost-Vlaanderen",28,"g2","k = 11",343,"mg4","N","N"
"41","008894433","Belsele",4.088608,51.150994,39.118497109827,"Oost-Vlaanderen",27,"g8","k = 11",334,"mg4","N","N"
"42","008812211","Sint-Agatha-Berchem/Berchem-Sainte-Agathe",4.289895,50.872625,39.121387283237,"Bruxelles",30,"g8","k = 11",334,"mg4","N","N"
"43","008832235","Beringen",5.235892,51.050603,28.393063583815,"Limburg",3,"g5","k = 11",132,"mg2","N","Y"
"44","008821816","Berlaar",4.638811,51.113662,29.921965317919,"Antwerpen",18,"g3","k = 11",300,"mg4","N","N"
"45","008861424","Beuzet",4.748533,50.534208,30.820809248555,"Namur",6,"g4","k = 11",114,"mg2","N","Y"
"46","008894748","Beveren",4.25952,51.208336,48.208092485549,"Oost-Vlaanderen",41,"g8","k = 11",334,"mg3","N","N"
"47","008832227","Beverlo",5.234373,51.087719,28.393063583815,"Limburg",3,"g5","k = 11",132,"mg2","N","Y"
"48","008811718","Bierges-Walibi",4.594746,50.707772,56.026011560694,"Brabant Wallon",11,"g4","k = 11",114,"mg2","N","Y"
"49","008841319","Bierset-Awans",5.460551,50.65861,30.346820809249,"Liège",4,"g6","k = 11",119,"mg2","N","Y"
"50","008831138","Bilzen",5.50938,50.868643,49.945086705202,"Limburg",41,"g5","k = 11",132,"mg3","N","N"
"51","008882362","Binche",4.172451,50.408764,26.71387283237,"Hainaut",20,"g10","k = 11",97,"mg4","N","N"
"52","008896388","Bissegem",3.224205,50.825845,22.445086705202,"West-Vlaanderen",29,"g11","k = 11",183,"mg4","N","N"
"53","008891405","Blankenberge",3.133864,51.312432,21.416184971098,"West-Vlaanderen",33,"g11","k = 11",183,"mg3","N","N"
"54","008861531","Blanmont",4.636393,50.619453,31.508670520231,"Brabant Wallon",6,"g4","k = 11",114,"mg2","N","Y"
"55","008884715","Blaton",3.666304,50.505461,31.725433526012,"Hainaut",7,"g7","k = 11",63,"mg2","N","Y"
"56","008841434","Bleret",5.286394,50.685065,21.083815028902,"Liège",4,"g6","k = 11",119,"mg2","N","Y"
"57","008812021","Bockstael",4.348513,50.87943,58.473988439306,"Bruxelles",44,"g9","k = 11",660,"mg3","N","N"
"58","008821634","Boechout",4.494489,51.16348,42.580924855491,"Antwerpen",25,"g8","k = 11",334,"mg4","N","N"
"59","008811437","Bosvoorde/Boitsfort",4.408112,50.794698,31.947976878613,"Bruxelles",38,"g9","k = 11",660,"mg3","N","N"
"60","008831781","Bokrijk",5.408386,50.955812,39.476878612717,"Limburg",41,"g5","k = 11",132,"mg3","N","N"
"61","008821857","Booischot",4.773478,51.037344,29.921965317919,"Antwerpen",18,"g3","k = 11",300,"mg4","N","N"
"62","008822814","Boom",4.360694,51.090713,15.450867052023,"Antwerpen",5,"g8","k = 11",334,"mg2","N","Y"
"63","008814456","Boondaal/Boondael",4.393387,50.801665,59.682080924855,"Bruxelles",31,"g9","k = 11",660,"mg4","N","N"
"64","008822475","Boortmeerbeek",4.5739,50.981853,43.942196531792,"Vlaams Brabant",26,"g3","k = 11",300,"mg4","N","N"
"65","008811163","Bordet",4.410026,50.877785,20.771676300578,"Bruxelles",41,"g9","k = 11",660,"mg3","N","N"
"66","008822772","Bornem",4.240526,51.099225,24.453757225434,"Antwerpen",9,"g8","k = 11",334,"mg2","N","Y"
"67","008884319","Boussu",3.797025,50.436388,24.670520231214,"Hainaut",23,"g7","k = 11",63,"mg4","N","N"
"68","008821725","Bouwel",4.746511,51.165764,29.56936416185,"Antwerpen",10,"g3","k = 11",300,"mg2","N","Y"
"69","008881463","Bracquegnies",4.126345,50.474457,25.85838150289,"Hainaut",1,"g10","k = 11",97,"mg2","N","Y"
"70","008814258","Braine-l'Alleud",4.375526,50.684778,98.78612716763,"Brabant Wallon",92,"g9","k = 11",660,"mg1","N","N"
"71","008883006","Braine-le-Comte",4.137662,50.605079,160.14161849711,"Hainaut",97,"g10","k = 11",97,"mg1","N","N"
"72","008843901","Bressoux",5.611057,50.643967,35.627167630058,"Liège",10,"g6","k = 11",119,"mg2","N","Y"
"73","008886066","Brugelette",3.852551,50.594229,26.037572254335,"Hainaut",6,"g1","k = 11",152,"mg2","N","Y"
"74","008891009","Brugge",3.216726,51.197226,164.41907514451,"West-Vlaanderen",183,"g11","k = 11",183,"mg1","N","N"
"75","008891033","Brugge-Sint-Pieters",3.201795,51.223115,13.263005780347,"West-Vlaanderen",19,"g11","k = 11",183,"mg4","N","N"
"76","008813003","Brussel-Centraal/Bruxelles-Central",4.356801,50.845658,634.16473988439,"Bruxelles",641,"g9","k = 11",660,"mg5","Y","N"
"77","008813045","Brussel-Congres/Bruxelles-Congrès",4.362051,50.852067,20.580924855491,"Bruxelles",30,"g9","k = 11",660,"mg4","N","N"
"78","008813037","Brussel-Kapellekerk/Bruxelles-Chapelle",4.347866,50.841127,10.976878612717,"Bruxelles",16,"g9","k = 11",660,"mg4","N","N"
"79","008811304","Brussel-Luxemburg/Bruxelles-Luxembourg",4.373674,50.838943,142.60115606936,"Bruxelles",116,"g9","k = 11",660,"mg1","N","N"
"80","008819406","Brussels Airport - Zaventem",4.482076,50.896456,171.02023121387,"Vlaams Brabant",173,"g9","k = 11",660,"mg1","N","N"
"81","008812005","Brussel-Noord/Bruxelles-Nord",4.360846,50.859663,640.26589595376,"Bruxelles",645,"g9","k = 11",660,"mg5","Y","N"
"82","008811916","Brussel-Schuman/Bruxelles-Schuman",4.380722,50.843276,97.349710982659,"Bruxelles",116,"g9","k = 11",660,"mg1","N","N"
"83","008815040","Brussel-West/Bruxelles-Ouest",4.321042,50.848552,19.433526011561,"Bruxelles",22,"g9","k = 11",660,"mg4","N","N"
"84","008814001","Brussel-Zuid/Bruxelles-Midi",4.336531,50.835707,686.61560693642,"Bruxelles",660,"g9","k = 11",660,"mg5","Y","N"
"85","008811148","Buda",4.417074,50.907495,10.28323699422,"Vlaams Brabant",15,"g9","k = 11",660,"mg4","N","N"
"86","008822145","Buggenhout",4.201666,51.016291,23.023121387283,"Oost-Vlaanderen",23,"g8","k = 11",334,"mg4","N","N"
"87","008814340","Buizingen",4.258558,50.751577,49.054913294798,"Vlaams Brabant",29,"g9","k = 11",660,"mg4","N","N"
"88","008895455","Burst",3.922416,50.907198,39.514450867052,"Oost-Vlaanderen",20,"g1","k = 11",152,"mg4","N","N"
"89","008884889","Callenelle",3.52618,50.527359,4.9479768786127,"Hainaut",1,"g7","k = 11",63,"mg2","N","Y"
"90","008886074","Cambron-Casteau",3.874809,50.586759,26.728323699422,"Hainaut",6,"g1","k = 11",152,"mg2","N","Y"
"91","008882248","Carnieres",4.263826,50.447957,26.023121387283,"Hainaut",3,"g10","k = 11",97,"mg2","N","Y"
"92","008811817","Ceroux-Mousty",4.569046,50.659941,20.161849710983,"Brabant Wallon",6,"g4","k = 11",114,"mg2","N","Y"
"93","008861317","Chapelle-Dieu",4.697627,50.557374,4.8410404624277,"Namur",0,"g4","k = 11",114,"mg2","N","Y"
"94","008872066","Charleroi-Ouest",4.436653,50.410948,20.161849710983,"Hainaut",6,"g10","k = 11",97,"mg2","N","Y"
"95","008872009","Charleroi-Sud",4.438567,50.40471,213.74566473988,"Hainaut",79,"g10","k = 11",97,"mg1","N","N"
"96","008861523","Chastre",4.648888,50.608819,31.508670520231,"Brabant Wallon",6,"g4","k = 11",114,"mg2","N","Y"
"97","008863438","Château-de-Seilles",5.081745,50.497209,24.320809248555,"Namur",1,"g4","k = 11",114,"mg2","N","Y"
"98","008874005","Châtelet",4.521861,50.410103,37.878612716763,"Hainaut",15,"g4","k = 11",114,"mg4","N","N"
"99","008842036","Chênée",5.616073,50.608019,33.014450867052,"Liège",3,"g6","k = 11",119,"mg2","N","Y"
"100","008842838","Comblain-la-Tour",5.566956,50.456865,25.346820809249,"Liège",8,"g6","k = 11",119,"mg2","N","Y"
"101","008896412","Comines",2.999286,50.772072,22.445086705202,"Hainaut",29,"g11","k = 11",183,"mg4","N","N"
"102","008845229","Coo",5.880473,50.391127,20.537572254335,"Liège",0,"g6","k = 11",119,"mg2","N","Y"
"103","008874054","Couillet",4.46851,50.392718,14.034682080925,"Hainaut",7,"g10","k = 11",97,"mg2","N","Y"
"104","008871225","Courcelles-Motte",4.400534,50.462007,30.092485549133,"Hainaut",7,"g10","k = 11",97,"mg2","N","Y"
"105","008864949","Courrière",4.996051,50.387442,27.205202312139,"Namur",0,"g4","k = 11",114,"mg2","N","Y"
"106","008811825","Court-Saint-Étienne",4.565819,50.645567,20.161849710983,"Brabant Wallon",6,"g4","k = 11",114,"mg2","N","Y"
"107","008863362","Dave-Saint-Martin",4.884414,50.429098,27.205202312139,"Namur",0,"g4","k = 11",114,"mg2","N","Y"
"108","008814175","De Hoek",4.370717,50.738812,21.728323699422,"Vlaams Brabant",18,"g9","k = 11",660,"mg4","N","N"
"109","008892338","De Panne",2.601963,51.0774,19.823699421965,"West-Vlaanderen",36,"g11","k = 11",183,"mg3","N","N"
"110","008892080","De Pinte",3.650465,50.997063,66.78901734104,"Oost-Vlaanderen",79,"g2","k = 11",343,"mg1","N","N"
"111","008892106","Deinze",3.534432,50.978258,44.722543352601,"Oost-Vlaanderen",67,"g2","k = 11",343,"mg1","N","N"
"112","008811205","Delta",4.403869,50.818357,20.771676300578,"Bruxelles",6,"g9","k = 11",660,"mg2","N","Y"
"113","008895802","Denderleeuw",4.071825,50.891925,156.13005780347,"Oost-Vlaanderen",152,"g1","k = 11",152,"mg1","N","N"
"114","008893401","Dendermonde",4.101427,51.022781,101.87283236994,"Oost-Vlaanderen",100,"g8","k = 11",334,"mg1","N","N"
"115","008811213","Diegem",4.442774,50.890478,72.329479768786,"Vlaams Brabant",52,"g9","k = 11",660,"mg3","N","N"
"116","008831112","Diepenbeek",5.419947,50.910452,49.945086705202,"Limburg",41,"g5","k = 11",132,"mg3","N","N"
"117","008814464","Diesdelle/Vivier d'Oie",4.374052,50.796145,59.682080924855,"Bruxelles",31,"g9","k = 11",660,"mg4","N","N"
"118","008831401","Diest",5.050031,50.993341,84.919075144509,"Vlaams Brabant",78,"g3","k = 11",300,"mg1","N","N"
"119","008892452","Diksmuide",2.868943,51.032723,19.823699421965,"West-Vlaanderen",36,"g11","k = 11",183,"mg3","N","N"
"120","008812237","Dilbeek",4.243393,50.866728,39.121387283237,"Vlaams Brabant",30,"g8","k = 11",334,"mg4","N","N"
"121","008844545","Dolhain-Gileppe",5.936494,50.616244,22.124277456647,"Liège",4,"g6","k = 11",119,"mg2","N","Y"
"122","008892031","Drongen",3.655202,51.047295,29.398843930636,"Oost-Vlaanderen",31,"g2","k = 11",343,"mg4","N","N"
"123","008822210","Duffel",4.493186,51.091243,31.939306358382,"Antwerpen",34,"g3","k = 11",300,"mg3","N","N"
"124","008891652","Duinbergen",3.263587,51.338195,19.670520231214,"West-Vlaanderen",4,"g11","k = 11",183,"mg2","N","Y"
"125","008883212","Écaussinnes",4.156639,50.56239,49.303468208092,"Hainaut",24,"g10","k = 11",97,"mg4","N","N"
"126","008895877","Ede",3.987524,50.911054,23.300578034682,"Oost-Vlaanderen",14,"g1","k = 11",152,"mg4","N","N"
"127","008883311","Enghien",4.047357,50.697273,57.187861271676,"Hainaut",66,"g1","k = 11",152,"mg1","N","N"
"128","008893708","Eeklo",3.574515,51.181333,20.71098265896,"Oost-Vlaanderen",14,"g2","k = 11",343,"mg4","N","N"
"129","008895752","Eichem",3.993745,50.823994,26.864161849711,"Oost-Vlaanderen",17,"g1","k = 11",152,"mg4","N","N"
"130","008892627","Eine",3.623776,50.870432,24.416184971098,"Oost-Vlaanderen",16,"g2","k = 11",343,"mg4","N","N"
"131","008892650","Eke-Nazareth",3.627839,50.960774,24.416184971098,"Oost-Vlaanderen",16,"g2","k = 11",343,"mg4","N","N"
"132","008821071","Ekeren",4.434154,51.281626,45.696531791908,"Antwerpen",29,"g8","k = 11",334,"mg4","N","N"
"133","008843240","Engis",5.401986,50.582957,21.653179190751,"Liège",1,"g6","k = 11",119,"mg2","N","Y"
"134","008822269","Eppegem",4.45749,50.9584,51.239884393064,"Vlaams Brabant",53,"g3","k = 11",300,"mg3","N","N"
"135","008881158","Erbisœul",3.887987,50.507025,25.563583815029,"Hainaut",6,"g7","k = 11",63,"mg2","N","Y"
"136","008895091","Erembodegem",4.055447,50.919621,59.878612716763,"Oost-Vlaanderen",67,"g1","k = 11",152,"mg1","N","N"
"137","008861515","Ernage",4.668538,50.590823,31.508670520231,"Namur",6,"g4","k = 11",114,"mg2","N","Y"
"138","008895471","Erpe-Mere",3.962463,50.928601,7.2976878612717,"Oost-Vlaanderen",1,"g1","k = 11",152,"mg2","N","Y"
"139","008811262","Erps-Kwerps",4.585001,50.89651,49.153179190751,"Vlaams Brabant",29,"g9","k = 11",660,"mg4","N","N"
"140","008842663","Esneux",5.572565,50.530568,25.439306358382,"Liège",8,"g6","k = 11",119,"mg2","N","Y"
"141","008821402","Essen",4.451314,51.462767,45.696531791908,"Antwerpen",29,"g8","k = 11",334,"mg4","N","N"
"142","008812260","Essene-Lombeek",4.115171,50.882451,39.14450867052,"Vlaams Brabant",30,"g1","k = 11",152,"mg4","N","N"
"143","008811411","Etterbeek",4.389513,50.822187,102.76589595376,"Bruxelles",78,"g9","k = 11",660,"mg1","N","N"
"144","008844628","Eupen",6.03711,50.635157,18.21676300578,"Liège",25,"g6","k = 11",119,"mg4","N","N"
"145","008811106","Evere",4.400965,50.86778,20.771676300578,"Bruxelles",26,"g9","k = 11",660,"mg4","N","N"
"146","008893252","Evergem",3.70138,51.107585,20.71098265896,"Oost-Vlaanderen",14,"g2","k = 11",343,"mg4","N","N"
"147","008833449","Ezemaal",4.994217,50.772126,18.138728323699,"Vlaams Brabant",37,"g3","k = 11",300,"mg3","N","N"
"148","008883238","Familleureux",4.211581,50.519358,21.557803468208,"Hainaut",3,"g10","k = 11",97,"mg2","N","Y"
"149","008874567","Farciennes",4.564138,50.435246,16.473988439306,"Hainaut",7,"g4","k = 11",114,"mg2","N","Y"
"150","008872611","Faux",4.54926,50.621826,20.161849710983,"Brabant Wallon",6,"g4","k = 11",114,"mg2","N","Y"
"151","008841467","Fexhe-le-Haut-Clocher",5.398453,50.664049,30.346820809249,"Liège",4,"g6","k = 11",119,"mg2","N","Y"
"152","008861127","Flawinne",4.806298,50.456236,16.42774566474,"Namur",7,"g4","k = 11",114,"mg2","N","Y"
"153","008843166","Flemalle-Grande",5.480983,50.605349,25.468208092486,"Liège",1,"g6","k = 11",119,"mg2","N","Y"
"154","008843208","Flemalle-Haute",5.457656,50.595308,56.190751445087,"Liège",21,"g6","k = 11",119,"mg4","N","N"
"155","008872413","Fleurus",4.543741,50.481927,20.161849710983,"Hainaut",6,"g4","k = 11",114,"mg2","N","Y"
"156","008861135","Floreffe",4.762368,50.443328,16.42774566474,"Namur",7,"g4","k = 11",114,"mg2","N","Y"
"157","008811767","Florival",4.653868,50.761501,49.895953757225,"Brabant Wallon",11,"g3","k = 11",300,"mg2","N","Y"
"158","008871514","Forchies",4.325384,50.433314,26.023121387283,"Hainaut",3,"g10","k = 11",97,"mg2","N","Y"
"159","008814118","Vorst-Oost/Forest-Est",4.320943,50.810195,21.728323699422,"Bruxelles",18,"g9","k = 11",660,"mg4","N","N"
"160","008814373","Vorst-Zuid/Forest-Midi",4.309167,50.809215,49.054913294798,"Bruxelles",29,"g9","k = 11",660,"mg4","N","N"
"161","008844255","Fraipont",5.723665,50.565059,33.014450867052,"Liège",3,"g6","k = 11",119,"mg2","N","Y"
"162","008881570","Frameries",3.906586,50.405932,22.156069364162,"Hainaut",6,"g7","k = 11",63,"mg2","N","Y"
"163","008844347","Franchimont",5.822223,50.525723,21.78323699422,"Liège",2,"g6","k = 11",119,"mg2","N","Y"
"164","008861143","Franière",4.733548,50.439543,16.42774566474,"Namur",7,"g4","k = 11",114,"mg2","N","Y"
"165","008885068","Froyennes",3.354837,50.62989,50.043352601156,"Hainaut",26,"g7","k = 11",63,"mg4","N","N"
"166","008895620","Galmaarden",3.965726,50.743918,21.736994219653,"Vlaams Brabant",16,"g1","k = 11",152,"mg4","N","N"
"167","008811742","Gastuche",4.649598,50.736646,49.895953757225,"Brabant Wallon",11,"g3","k = 11",300,"mg2","N","Y"
"168","008892643","Gavere-Asper",3.639732,50.930021,24.416184971098,"Oost-Vlaanderen",16,"g2","k = 11",343,"mg4","N","N"
"169","008832433","Geel",4.988608,51.168955,45.528901734104,"Antwerpen",28,"g3","k = 11",300,"mg4","N","N"
"170","008861200","Gembloux",4.691497,50.570489,84.806358381503,"Namur",52,"g4","k = 11",114,"mg3","N","N"
"171","008831765","Genk",5.497685,50.967057,39.476878612717,"Limburg",41,"g5","k = 11",132,"mg3","N","N"
"172","008881562","Genly",3.911638,50.390642,22.156069364162,"Hainaut",6,"g7","k = 11",63,"mg2","N","Y"
"173","008893120","Gent-Dampoort",3.740591,51.056365,80.534682080925,"Oost-Vlaanderen",85,"g2","k = 11",343,"mg1","N","N"
"174","008892007","Gent-Sint-Pieters",3.710675,51.035896,309.01445086705,"Oost-Vlaanderen",343,"g2","k = 11",343,"mg5","Y","N"
"175","008893179","Gentbrugge",3.756322,51.038647,21.445086705202,"Oost-Vlaanderen",16,"g2","k = 11",343,"mg4","N","N"
"176","008811528","Genval",4.514832,50.725697,30.734104046243,"Brabant Wallon",34,"g4","k = 11",114,"mg3","N","N"
"177","008895505","Geraardsbergen",3.872328,50.771137,90.170520231214,"Oost-Vlaanderen",40,"g1","k = 11",152,"mg3","N","N"
"178","008881125","Ghlin",3.906343,50.487411,21.57225433526,"Hainaut",6,"g7","k = 11",63,"mg2","N","Y"
"179","008841731","Glons",5.535431,50.750426,28.297687861272,"Liège",7,"g5","k = 11",132,"mg2","N","Y"
"180","008871381","Godarville",4.290308,50.492795,28.722543352601,"Hainaut",1,"g10","k = 11",97,"mg2","N","Y"
"181","008893047","Gontrode",3.801672,50.980199,26.708092485549,"Oost-Vlaanderen",10,"g2","k = 11",343,"mg2","N","Y"
"182","008871373","Gouy-lez-Pieton",4.325123,50.497065,28.722543352601,"Hainaut",1,"g10","k = 11",97,"mg2","N","Y"
"183","008811445","Groenendaal",4.449489,50.766103,20.005780346821,"Vlaams Brabant",33,"g4","k = 11",114,"mg3","N","N"
"184","008812229","Groot-Bijgaarden",4.273543,50.868337,39.121387283237,"Vlaams Brabant",30,"g8","k = 11",334,"mg4","N","N"
"185","008822517","Haacht",4.613309,50.966428,43.942196531792,"Vlaams Brabant",26,"g3","k = 11",300,"mg4","N","N"
"186","008895869","Haaltert",4.023958,50.906838,28.919075144509,"Oost-Vlaanderen",14,"g1","k = 11",152,"mg4","N","N"
"187","008884327","Hainin",3.766893,50.428019,24.670520231214,"Hainaut",23,"g7","k = 11",63,"mg4","N","N"
"188","008814308","Halle",4.240634,50.733931,182.09826589595,"Vlaams Brabant",139,"g9","k = 11",660,"mg1","N","N"
"189","008861168","Ham-sur-Sambre",4.669392,50.45255,2.2196531791908,"Namur",1,"g4","k = 11",114,"mg2","N","Y"
"190","008822533","Hambos",4.66301,50.944251,13.317919075145,"Vlaams Brabant",16,"g3","k = 11",300,"mg4","N","N"
"191","008842846","Hamoir",5.533561,50.428181,25.346820809249,"Liège",8,"g6","k = 11",119,"mg2","N","Y"
"192","008832664","Hamont",5.543279,51.246424,17.329479768786,"Limburg",16,"g5","k = 11",132,"mg4","N","N"
"193","008891165","Hansbeke",3.536212,51.073202,28.023121387283,"Oost-Vlaanderen",29,"g2","k = 11",343,"mg4","N","N"
"194","008884640","Harchies",3.698764,50.482565,4.9479768786127,"Hainaut",1,"g7","k = 11",63,"mg2","N","Y"
"195","008896115","Harelbeke",3.314008,50.85586,26.549132947977,"West-Vlaanderen",35,"g11","k = 11",183,"mg3","N","N"
"196","008811155","Haren",4.419978,50.888878,19.303468208092,"Bruxelles",19,"g9","k = 11",660,"mg4","N","N"
"197","008811130","Haren-Sud/Haren-Zuid",4.415357,50.889696,49.153179190751,"Bruxelles",35,"g9","k = 11",660,"mg3","N","N"
"198","008831005","Hasselt",5.327627,50.930822,180.59826589595,"Limburg",132,"g5","k = 11",132,"mg1","N","N"
"199","008843349","Haute-Flône",5.330333,50.55349,21.653179190751,"Liège",1,"g6","k = 11",119,"mg2","N","Y"
"200","008881430","Havre",4.059987,50.470754,25.85838150289,"Hainaut",1,"g10","k = 11",97,"mg2","N","Y"
"201","008821519","Heide",4.460483,51.364623,45.696531791908,"Antwerpen",29,"g8","k = 11",334,"mg4","N","N"
"202","008891645","Heist",3.239181,51.333979,19.670520231214,"West-Vlaanderen",4,"g11","k = 11",183,"mg2","N","Y"
"203","008821832","Heist-op-den-Berg",4.708235,51.074146,53.060693641618,"Antwerpen",36,"g3","k = 11",300,"mg3","N","N"
"204","008812153","Heizijde",4.156171,50.989593,36.341040462428,"Oost-Vlaanderen",33,"g8","k = 11",334,"mg3","N","N"
"205","008824224","Hemiksem",4.338293,51.136243,15.450867052023,"Antwerpen",5,"g8","k = 11",334,"mg2","N","Y"
"206","008883022","Hennuyères",4.175893,50.651005,49.054913294798,"Hainaut",29,"g10","k = 11",97,"mg4","N","N"
"207","008811288","Herent",4.672188,50.90353,50.621387283237,"Vlaams Brabant",35,"g3","k = 11",300,"mg3","N","N"
"208","008821717","Herentals",4.829535,51.181513,101.30924855491,"Antwerpen",62,"g3","k = 11",300,"mg1","N","N"
"209","008844644","Hergenrath",6.041335,50.718209,20.722543352601,"Liège",2,"g6","k = 11",119,"mg2","N","Y"
"210","008895646","Herne",4.014573,50.723701,21.736994219653,"Vlaams Brabant",16,"g1","k = 11",152,"mg4","N","N"
"211","008885753","Herseaux",3.245959,50.713894,26.228323699422,"Hainaut",24,"g11","k = 11",183,"mg4","N","N"
"212","008841608","Herstal",5.622761,50.660911,107.27167630058,"Liège",19,"g6","k = 11",119,"mg4","N","N"
"213","008895430","Herzele",3.880616,50.89722,28.919075144509,"Oost-Vlaanderen",14,"g1","k = 11",152,"mg4","N","N"
"214","008832243","Heusden",5.281782,51.038207,28.393063583815,"Limburg",3,"g5","k = 11",132,"mg2","N","Y"
"215","008822459","Hever",4.537637,50.997791,17.774566473988,"Vlaams Brabant",19,"g3","k = 11",300,"mg4","N","N"
"216","008833126","Heverlee",4.6952,50.86253,49.985549132948,"Vlaams Brabant",11,"g3","k = 11",300,"mg2","N","Y"
"217","008895422","Hillegem",3.857469,50.891296,18.173410404624,"Oost-Vlaanderen",11,"g1","k = 11",152,"mg2","N","Y"
"218","008824158","Hoboken-Polder",4.347785,51.182699,15.450867052023,"Antwerpen",5,"g8","k = 11",334,"mg2","N","Y"
"219","008811460","Hoeilaart",4.467414,50.760161,18.28323699422,"Vlaams Brabant",20,"g4","k = 11",114,"mg4","N","N"
"220","008822277","Hofstade",4.498336,50.988658,9.3150289017341,"Vlaams Brabant",3,"g3","k = 11",300,"mg2","N","Y"
"221","008814159","Holleken",4.353952,50.767631,21.728323699422,"Vlaams Brabant",18,"g9","k = 11",660,"mg4","N","N"
"222","008842655","Hony",5.573563,50.539917,25.439306358382,"Liège",8,"g6","k = 11",119,"mg2","N","Y"
"223","008886553","Houraing",3.835175,50.703062,27.14161849711,"Hainaut",7,"g1","k = 11",152,"mg2","N","Y"
"224","008821337","Hove",4.465157,51.154114,31.939306358382,"Antwerpen",34,"g8","k = 11",334,"mg3","N","N"
"225","008814415","Huizingen",4.266487,50.7519,37.742774566474,"Vlaams Brabant",19,"g9","k = 11",660,"mg4","N","N"
"226","008843307","Huy",5.234211,50.527242,58.329479768786,"Liège",21,"g6","k = 11",119,"mg4","N","N"
"227","008895844","Iddergem",4.06849,50.876886,26.864161849711,"Oost-Vlaanderen",17,"g1","k = 11",152,"mg4","N","N"
"228","008895729","Idegem",3.921553,50.801871,26.864161849711,"Oost-Vlaanderen",17,"g1","k = 11",152,"mg4","N","N"
"229","008896503","Ieper",2.876593,50.847402,22.445086705202,"West-Vlaanderen",29,"g11","k = 11",183,"mg4","N","N"
"230","008896925","Ingelmunster",3.255416,50.914326,33.202312138728,"West-Vlaanderen",28,"g11","k = 11",183,"mg4","N","N"
"231","008896909","Izegem",3.212088,50.921149,35.274566473988,"West-Vlaanderen",29,"g11","k = 11",183,"mg4","N","N"
"232","008863115","Jambes",4.876144,50.454843,45.242774566474,"Namur",18,"g4","k = 11",114,"mg4","N","N"
"233","008863354","Jambes-Est",4.880261,50.454798,27.205202312139,"Namur",0,"g4","k = 11",114,"mg2","N","Y"
"234","008884566","Jemappes",3.885587,50.452577,58.341040462428,"Hainaut",31,"g7","k = 11",63,"mg4","N","N"
"235","008843158","Jemeppe-sur-Meuse",5.497874,50.618446,25.468208092486,"Liège",1,"g6","k = 11",119,"mg2","N","Y"
"236","008874724","Jemeppe-sur-Sambre",4.662632,50.45095,41.528901734104,"Namur",14,"g4","k = 11",114,"mg4","N","N"
"237","008812047","Jette",4.32622,50.880833,95.676300578035,"Bruxelles",63,"g9","k = 11",660,"mg1","N","N"
"238","008881166","Jurbeke",3.910694,50.530496,88.511560693642,"Hainaut",50,"g7","k = 11",63,"mg3","N","N"
"239","008844321","Juslenville",5.809935,50.544717,21.78323699422,"Liège",2,"g6","k = 11",119,"mg2","N","Y"
"240","008821444","Kalmthout",4.46682,51.391177,45.696531791908,"Antwerpen",29,"g8","k = 11",334,"mg4","N","N"
"241","008822053","Kapelle-op-den-Bos",4.359121,51.010843,23.023121387283,"Vlaams Brabant",23,"g8","k = 11",334,"mg4","N","N"
"242","008821535","Kapellen",4.432661,51.313528,45.696531791908,"Antwerpen",29,"g8","k = 11",334,"mg4","N","N"
"243","008821659","Kessel",4.618459,51.151057,29.56936416185,"Antwerpen",10,"g3","k = 11",300,"mg2","N","Y"
"244","008832375","Kiewit",5.350226,50.954841,39.476878612717,"Limburg",41,"g5","k = 11",132,"mg3","N","N"
"245","008821451","Kijkuit",4.467315,51.378664,22.242774566474,"Antwerpen",6,"g8","k = 11",334,"mg2","N","Y"
"246","008891660","Knokke",3.285188,51.339894,19.670520231214,"West-Vlaanderen",4,"g11","k = 11",183,"mg2","N","Y"
"247","008892320","Koksijde",2.65277,51.079197,19.823699421965,"West-Vlaanderen",36,"g11","k = 11",183,"mg3","N","N"
"248","008821311","Kontich",4.476358,51.134023,31.939306358382,"Antwerpen",34,"g8","k = 11",334,"mg3","N","N"
"249","008892403","Kortemark",3.043459,51.025244,19.823699421965,"West-Vlaanderen",36,"g11","k = 11",183,"mg3","N","N"
"250","008811254","Kortenberg",4.543301,50.893067,50.621387283237,"Vlaams Brabant",35,"g9","k = 11",660,"mg3","N","N"
"251","008896008","Kortrijk",3.264549,50.824506,153.11560693642,"West-Vlaanderen",116,"g11","k = 11",183,"mg1","N","N"
"252","008893567","Kwatrecht",3.829593,50.99175,23.00289017341,"Oost-Vlaanderen",29,"g2","k = 11",343,"mg4","N","N"
"253","008811510","La Hulpe",4.49706,50.737958,30.734104046243,"Brabant Wallon",36,"g4","k = 11",114,"mg3","N","N"
"254","008882107","La Louvière-Centre",4.179858,50.478161,55.445086705202,"Hainaut",22,"g10","k = 11",97,"mg4","N","N"
"255","008882206","La Louvière-Sud",4.190609,50.464974,113.46242774566,"Hainaut",35,"g10","k = 11",97,"mg3","N","N"
"256","008872587","La Roche (Brabant)",4.539157,50.610338,20.161849710983,"Brabant Wallon",6,"g4","k = 11",114,"mg2","N","Y"
"257","008892056","Landegem",3.576852,51.064311,29.777456647399,"Oost-Vlaanderen",31,"g2","k = 11",343,"mg4","N","N"
"258","008871837","Landelies",4.350976,50.377311,20.734104046243,"Hainaut",0,"g10","k = 11",97,"mg2","N","Y"
"259","008833605","Landen",5.07966,50.747927,87.508670520231,"Vlaams Brabant",109,"g3","k = 11",300,"mg1","N","N"
"260","008893054","Landskouter",3.791146,50.970545,20.176300578035,"Oost-Vlaanderen",10,"g2","k = 11",343,"mg2","N","Y"
"261","008833258","Langdorp",4.863541,51.002466,32.473988439306,"Vlaams Brabant",15,"g3","k = 11",300,"mg4","N","N"
"262","008874559","Le Campinaire",4.552586,50.428936,14.034682080925,"Hainaut",7,"g4","k = 11",114,"mg2","N","Y"
"263","008812161","Lebbeke",4.134372,51.005009,38.791907514451,"Oost-Vlaanderen",36,"g8","k = 11",334,"mg3","N","N"
"264","008895067","Lede",3.984981,50.970895,40.158959537572,"Oost-Vlaanderen",68,"g1","k = 11",152,"mg1","N","N"
"265","008843224","Leman",5.468309,50.600396,21.878612716763,"Liège",1,"g6","k = 11",119,"mg2","N","Y"
"266","008814332","Lembeek",4.221577,50.715107,49.054913294798,"Vlaams Brabant",29,"g9","k = 11",660,"mg4","N","N"
"267","008881190","Lens",3.903224,50.559342,26.037572254335,"Hainaut",6,"g7","k = 11",63,"mg2","N","Y"
"268","008832003","Leopoldsburg",5.257287,51.117312,28.393063583815,"Limburg",3,"g5","k = 11",132,"mg2","N","Y"
"269","008886504","Lessen",3.836434,50.712015,27.14161849711,"Hainaut",7,"g1","k = 11",152,"mg2","N","Y"
"270","008833001","Leuven",4.715866,50.88228,351.9161849711,"Vlaams Brabant",300,"g3","k = 11",300,"mg5","Y","N"
"271","008886348","Leuze",3.616872,50.600612,35.083815028902,"Hainaut",42,"g7","k = 11",63,"mg3","N","N"
"272","008882339","Leval",4.211041,50.430797,26.71387283237,"Hainaut",20,"g10","k = 11",97,"mg4","N","N"
"273","008892205","Lichtervelde",3.127212,51.025163,53.095375722543,"West-Vlaanderen",64,"g11","k = 11",183,"mg1","N","N"
"274","008895836","Liedekerke",4.095287,50.882531,82.965317919075,"Vlaams Brabant",101,"g1","k = 11",152,"mg1","N","N"
"275","008841004","Liège-Guillemins",5.566695,50.62455,269.12427745665,"Liège",119,"g6","k = 11",119,"mg1","N","N"
"276","008841558","Liège-Jonfosse",5.561131,50.640299,137.38439306358,"Liège",38,"g6","k = 11",119,"mg3","N","N"
"277","008841525","Liège-Palais",5.570453,50.646349,137.38439306358,"Liège",38,"g6","k = 11",119,"mg3","N","N"
"278","008821600","Lier",4.560614,51.135758,154.41329479769,"Antwerpen",98,"g3","k = 11",300,"mg1","N","N"
"279","008895570","Lierde",3.826564,50.816236,28.739884393064,"Oost-Vlaanderen",11,"g1","k = 11",152,"mg2","N","Y"
"280","008841673","Liers",5.56683,50.698181,74.132947976879,"Liège",15,"g6","k = 11",119,"mg4","N","N"
"281","008872520","Ligny",4.566133,50.511726,20.161849710983,"Namur",6,"g4","k = 11",114,"mg2","N","Y"
"282","008814241","Lillois",4.365368,50.645423,48.872832369942,"Brabant Wallon",40,"g9","k = 11",660,"mg3","N","N"
"283","008811635","Limal",4.575302,50.69214,51.950867052023,"Brabant Wallon",11,"g4","k = 11",114,"mg2","N","Y"
"284","008814142","Linkebeek",4.339434,50.773681,51.329479768786,"Vlaams Brabant",46,"g9","k = 11",660,"mg3","N","N"
"285","008891629","Lissewege",3.194505,51.294714,13.263005780347,"West-Vlaanderen",19,"g11","k = 11",183,"mg4","N","N"
"286","008872306","Lodelinsart",4.462946,50.432451,20.161849710983,"Hainaut",6,"g10","k = 11",97,"mg2","N","Y"
"287","008894201","Lokeren",3.987794,51.108062,103.95664739884,"Oost-Vlaanderen",98,"g8","k = 11",334,"mg1","N","N"
"288","008832565","Lommel",5.312031,51.211564,18.543352601156,"Limburg",16,"g5","k = 11",132,"mg4","N","N"
"289","008822111","Londerzeel",4.299073,51.009091,36.341040462428,"Vlaams Brabant",39,"g8","k = 11",334,"mg3","N","N"
"290","008861416","Lonzée",4.7201,50.551935,30.820809248555,"Namur",6,"g4","k = 11",114,"mg2","N","Y"
"291","008814357","Lot",4.273696,50.766364,49.054913294798,"Vlaams Brabant",29,"g9","k = 11",660,"mg4","N","N"
"292","008811676","Louvain-la-Neuve-Université",4.615745,50.669793,79.942196531792,"Brabant Wallon",25,"g4","k = 11",114,"mg4","N","N"
"293","008863156","Lustin",4.877241,50.391559,34.167630057803,"Namur",12,"g4","k = 11",114,"mg4","N","N"
"294","008871308","Luttre",4.38412,50.505856,101.96242774566,"Hainaut",54,"g10","k = 11",97,"mg3","N","N"
"295","008886041","Maffle",3.800117,50.614356,26.037572254335,"Hainaut",6,"g1","k = 11",152,"mg2","N","Y"
"296","008822137","Malderen",4.22911,51.014484,23.023121387283,"Vlaams Brabant",23,"g8","k = 11",334,"mg4","N","N"
"297","008882701","Manage",4.234683,50.506108,51.916184971098,"Hainaut",4,"g10","k = 11",97,"mg2","N","Y"
"298","008863461","Marche-les-Dames",4.96458,50.480741,24.320809248555,"Namur",1,"g4","k = 11",114,"mg2","N","Y"
"299","008883220","Marche-lez-Écaussinnes",4.177098,50.546173,21.557803468208,"Hainaut",3,"g10","k = 11",97,"mg2","N","Y"
"300","008871100","Marchienne-au-Pont",4.394223,50.412171,123.60693641618,"Hainaut",60,"g10","k = 11",97,"mg1","N","N"
"301","008871852","Marchienne-Zone",4.388767,50.397465,20.734104046243,"Hainaut",0,"g10","k = 11",97,"mg2","N","Y"
"302","008891132","Maria-Aalter",3.38673,51.107612,25.867052023121,"Oost-Vlaanderen",28,"g2","k = 11",343,"mg4","N","N"
"303","008881174","Masnuy-Saint-Pierre",3.962139,50.536546,18.57225433526,"Hainaut",0,"g10","k = 11",97,"mg2","N","Y"
"304","008885530","Maubray",3.495527,50.547557,4.9479768786127,"Hainaut",1,"g7","k = 11",63,"mg2","N","Y"
"305","008861333","Mazy",4.675829,50.513497,4.8410404624277,"Namur",0,"g4","k = 11",114,"mg2","N","Y"
"306","008822004","Mechelen",4.482785,51.017648,306.52312138728,"Antwerpen",253,"g3","k = 11",300,"mg5","Y","N"
"307","008822343","Mechelen-Nekkerspoel",4.489914,51.029883,91.372832369942,"Antwerpen",76,"g3","k = 11",300,"mg1","N","N"
"308","008811171","Meiser",4.394421,50.854072,20.771676300578,"Bruxelles",26,"g9","k = 11",660,"mg4","N","N"
"309","008821824","Melkouwen",4.671532,51.094938,29.921965317919,"Antwerpen",18,"g3","k = 11",300,"mg4","N","N"
"310","008893039","Melle",3.797088,51.002807,64.190751445087,"Oost-Vlaanderen",68,"g2","k = 11",343,"mg1","N","N"
"311","008894755","Melsele",4.286766,51.21071,30.433526011561,"Oost-Vlaanderen",9,"g8","k = 11",334,"mg2","N","Y"
"312","008896305","Menen",3.113791,50.799489,22.445086705202,"West-Vlaanderen",29,"g11","k = 11",183,"mg4","N","N"
"313","008812120","Merchtem",4.222718,50.954958,38.589595375723,"Vlaams Brabant",36,"g8","k = 11",334,"mg3","N","N"
"314","008893013","Merelbeke",3.768889,51.017531,64.190751445087,"Oost-Vlaanderen",69,"g2","k = 11",343,"mg1","N","N"
"315","008811197","Merode",4.398934,50.839284,20.771676300578,"Bruxelles",6,"g9","k = 11",660,"mg2","N","Y"
"316","008842648","Méry",5.587236,50.54762,25.439306358382,"Liège",8,"g6","k = 11",119,"mg2","N","Y"
"317","008886058","Mevergnies-Attre",3.833917,50.600108,21.676300578035,"Hainaut",6,"g1","k = 11",152,"mg2","N","Y"
"318","008841665","Milmort",5.60009,50.692455,74.132947976879,"Liège",15,"g6","k = 11",119,"mg4","N","N"
"319","008814431","Moensberg",4.330733,50.77832,37.742774566474,"Bruxelles",19,"g9","k = 11",660,"mg4","N","N"
"320","008885704","Mouscron",3.228448,50.741005,55.433526011561,"Hainaut",26,"g11","k = 11",183,"mg4","N","N"
"321","008832409","Mol",5.116336,51.19105,59.751445086705,"Antwerpen",28,"g5","k = 11",132,"mg4","N","N"
"322","008812112","Mollem",4.216965,50.933473,36.138728323699,"Vlaams Brabant",33,"g8","k = 11",334,"mg3","N","N"
"323","008841459","Momalle",5.367602,50.66991,30.346820809249,"Liège",4,"g6","k = 11",119,"mg2","N","Y"
"324","008881000","Mons",3.942542,50.453854,146.69653179191,"Hainaut",63,"g7","k = 11",63,"mg1","N","N"
"325","008861549","Mont-Saint-Guibert",4.613884,50.637611,31.508670520231,"Brabant Wallon",6,"g4","k = 11",114,"mg2","N","Y"
"326","008893062","Moortsele",3.781339,50.953519,26.708092485549,"Oost-Vlaanderen",10,"g2","k = 11",343,"mg2","N","Y"
"327","008882230","Morlanwelz",4.247367,50.457998,26.023121387283,"Hainaut",3,"g10","k = 11",97,"mg2","N","Y"
"328","008821147","Mortsel",4.448437,51.18296,67.687861271676,"Antwerpen",59,"g8","k = 11",334,"mg1","N","N"
"329","008821154","Mortsel-Deurnesteenweg",4.446514,51.183023,6.8294797687861,"Antwerpen",0,"g8","k = 11",334,"mg2","N","Y"
"330","008821246","Mortsel-Liersesteenweg",4.468843,51.169027,25.106936416185,"Antwerpen",34,"g8","k = 11",334,"mg3","N","N"
"331","008821238","Mortsel-Oude God",4.455737,51.171256,64.893063583815,"Antwerpen",40,"g8","k = 11",334,"mg3","N","N"
"332","008861150","Moustier",4.693807,50.452748,16.42774566474,"Namur",7,"g4","k = 11",114,"mg2","N","Y"
"333","008822426","Muizen",4.513843,51.008201,32.615606936416,"Antwerpen",19,"g3","k = 11",300,"mg4","N","N"
"334","008895232","Munkzwalm",3.733238,50.875673,28.589595375723,"Oost-Vlaanderen",13,"g2","k = 11",343,"mg4","N","N"
"335","008863453","Namêche",4.997939,50.47043,24.320809248555,"Namur",1,"g4","k = 11",114,"mg2","N","Y"
"336","008863008","Namur",4.86222,50.468794,202.18786127168,"Namur",71,"g4","k = 11",114,"mg1","N","N"
"337","008864964","Naninne",4.929756,50.419695,27.205202312139,"Namur",0,"g4","k = 11",114,"mg2","N","Y"
"338","008832615","Neerpelt",5.43717,51.222369,18.543352601156,"Limburg",16,"g5","k = 11",132,"mg4","N","N"
"339","008833670","Neerwinden",5.036323,50.763964,18.138728323699,"Vlaams Brabant",37,"g3","k = 11",300,"mg3","N","N"
"340","008844230","Nessonvaux",5.741581,50.572089,33.014450867052,"Liège",3,"g6","k = 11",119,"mg2","N","Y"
"341","008883121","Neufvilles",4.010672,50.543602,18.57225433526,"Hainaut",0,"g10","k = 11",97,"mg2","N","Y"
"342","008824240","Niel",4.338589,51.111595,15.450867052023,"Antwerpen",5,"g8","k = 11",334,"mg2","N","Y"
"343","008894714","Nieuwkerken-Waas",4.185907,51.185612,30.433526011561,"Oost-Vlaanderen",9,"g8","k = 11",334,"mg2","N","Y"
"344","008821667","Nijlen",4.666588,51.15984,29.56936416185,"Antwerpen",10,"g3","k = 11",300,"mg2","N","Y"
"345","008881315","Nimy",3.956089,50.471644,25.85838150289,"Hainaut",1,"g7","k = 11",63,"mg2","N","Y"
"346","008895760","Ninove",4.026133,50.839509,29.245664739884,"Oost-Vlaanderen",18,"g1","k = 11",152,"mg4","N","N"
"347","008814209","Nivelles",4.335065,50.599641,96.329479768786,"Brabant Wallon",86,"g9","k = 11",660,"mg1","N","N"
"348","008821105","Noorderkempen",4.632204,51.356838,26.297687861272,"Antwerpen",0,"g8","k = 11",334,"mg2","N","Y"
"349","008811247","Nossegem",4.506112,50.883314,49.153179190751,"Vlaams Brabant",29,"g9","k = 11",660,"mg4","N","N"
"350","008871332","Obaix-Buzet",4.36357,50.535206,21.864161849711,"Hainaut",10,"g10","k = 11",97,"mg2","N","Y"
"351","008881406","Obourg",4.007804,50.469873,21.242774566474,"Hainaut",1,"g10","k = 11",97,"mg2","N","Y"
"352","008895778","Okegem",4.054557,50.857712,26.864161849711,"Oost-Vlaanderen",17,"g1","k = 11",152,"mg4","N","N"
"353","008832458","Olen",4.847585,51.188057,45.528901734104,"Antwerpen",28,"g3","k = 11",300,"mg4","N","N"
"354","008891702","Oostende",2.925809,51.228212,59.895953757225,"West-Vlaanderen",84,"g11","k = 11",183,"mg1","N","N"
"355","008891116","Oostkamp",3.257466,51.154114,25.867052023121,"West-Vlaanderen",28,"g11","k = 11",183,"mg4","N","N"
"356","008812146","Opwijk",4.187319,50.974779,38.791907514451,"Vlaams Brabant",36,"g8","k = 11",334,"mg3","N","N"
"357","008811601","Ottignies",4.56936,50.673667,253.4710982659,"Brabant Wallon",114,"g4","k = 11",114,"mg1","N","N"
"358","008833134","Oud-Heverlee",4.653311,50.835931,49.895953757225,"Vlaams Brabant",11,"g3","k = 11",300,"mg2","N","Y"
"359","008893518","Oudegem",4.064472,51.01523,15.075144508671,"Oost-Vlaanderen",26,"g1","k = 11",152,"mg4","N","N"
"360","008892601","Oudenaarde",3.600386,50.850116,82.916184971098,"Oost-Vlaanderen",52,"g2","k = 11",343,"mg3","N","N"
"361","008832573","Overpelt",5.422751,51.215618,18.543352601156,"Limburg",16,"g5","k = 11",132,"mg4","N","N"
"362","008886561","Papegem",3.823408,50.686585,27.14161849711,"Hainaut",7,"g1","k = 11",152,"mg2","N","Y"
"363","008811775","Pécrot",4.651486,50.778517,49.895953757225,"Brabant Wallon",11,"g3","k = 11",300,"mg2","N","Y"
"364","008844206","Pepinster",5.80615,50.568179,62.936416184971,"Liège",22,"g6","k = 11",119,"mg4","N","N"
"365","008844313","Pepinster-Cité",5.804397,50.563405,21.78323699422,"Liège",2,"g6","k = 11",119,"mg2","N","Y"
"366","008884855","Péruwelz",3.592772,50.513704,31.725433526012,"Hainaut",7,"g7","k = 11",63,"mg2","N","Y"
"367","008871415","Piéton",4.288438,50.434959,26.023121387283,"Hainaut",3,"g10","k = 11",97,"mg2","N","Y"
"368","008871365","Pont-à-Celles",4.355291,50.513812,28.722543352601,"Hainaut",1,"g10","k = 11",97,"mg2","N","Y"
"369","008843141","Pont-de-Seraing",5.510162,50.619651,25.468208092486,"Liège",1,"g6","k = 11",119,"mg2","N","Y"
"370","008896735","Poperinge",2.736343,50.854449,22.445086705202,"West-Vlaanderen",29,"g11","k = 11",183,"mg4","N","N"
"371","008842689","Poulseur",5.578858,50.509209,45.976878612717,"Liège",8,"g6","k = 11",119,"mg2","N","Y"
"372","008811544","Profondsart",4.549153,50.693758,18.28323699422,"Brabant Wallon",19,"g4","k = 11",114,"mg4","N","N"
"373","008822715","Puurs",4.282703,51.07722,43.317919075145,"Antwerpen",14,"g8","k = 11",334,"mg4","N","N"
"374","008884541","Quaregnon",3.856543,50.449827,58.341040462428,"Hainaut",31,"g7","k = 11",63,"mg4","N","N"
"375","008884335","Quievrain",3.68608,50.410103,24.670520231214,"Hainaut",23,"g7","k = 11",63,"mg4","N","N"
"376","008886587","Rebaix",3.793627,50.661235,27.14161849711,"Hainaut",7,"g1","k = 11",152,"mg2","N","Y"
"377","008841442","Remicourt",5.321407,50.678611,30.346820809249,"Liège",4,"g6","k = 11",119,"mg2","N","Y"
"378","008892908","Ronse",3.602552,50.742506,17.485549132948,"Oost-Vlaanderen",15,"g2","k = 11",343,"mg4","N","N"
"379","008861440","Rhisnes",4.801866,50.499348,30.820809248555,"Namur",6,"g4","k = 11",114,"mg2","N","Y"
"380","008814167","Sint-Genesius-Rode",4.361997,50.74781,51.696531791908,"Vlaams Brabant",47,"g9","k = 11",660,"mg3","N","N"
"381","008842705","Rivage",5.587631,50.483285,45.976878612717,"Liège",8,"g6","k = 11",119,"mg2","N","Y"
"382","008811536","Rixensart",4.532855,50.711413,30.734104046243,"Brabant Wallon",36,"g4","k = 11",114,"mg3","N","N"
"383","008896800","Roeselare",3.130412,50.949025,35.274566473988,"West-Vlaanderen",29,"g11","k = 11",183,"mg4","N","N"
"384","008861119","Ronet",4.82842,50.457737,16.42774566474,"Namur",7,"g4","k = 11",114,"mg2","N","Y"
"385","008871217","Roux",4.393199,50.443112,30.092485549133,"Hainaut",7,"g10","k = 11",97,"mg2","N","Y"
"386","008814365","Ruisbroek",4.295333,50.79183,49.054913294798,"Vlaams Brabant",29,"g9","k = 11",660,"mg4","N","N"
"387","008822848","Ruisbroek-Sauvegarde",4.324998,51.081022,15.450867052023,"Antwerpen",5,"g8","k = 11",334,"mg2","N","Y"
"388","008861432","Saint-Denis-Bovesse",4.767788,50.5213,30.820809248555,"Namur",6,"g4","k = 11",114,"mg2","N","Y"
"389","008884004","Saint-Ghislain",3.820253,50.44286,71.514450867052,"Hainaut",38,"g7","k = 11",63,"mg3","N","N"
"390","008814449","Sint-Job",4.362761,50.79441,59.682080924855,"Bruxelles",31,"g9","k = 11",660,"mg4","N","N"
"391","008864956","Sart-Bernard",4.949739,50.406373,27.205202312139,"Namur",0,"g4","k = 11",114,"mg2","N","Y"
"392","008811007","Schaarbeek/Schaerbeek",4.378636,50.878513,135.04335260116,"Bruxelles",111,"g9","k = 11",660,"mg1","N","N"
"393","008893070","Scheldewindeke",3.777842,50.937069,26.708092485549,"Oost-Vlaanderen",10,"g2","k = 11",343,"mg2","N","Y"
"394","008824232","Schelle",4.340261,51.12551,15.450867052023,"Antwerpen",5,"g8","k = 11",334,"mg2","N","Y"
"395","008893542","Schellebelle",3.921373,51.003149,35.618497109827,"Oost-Vlaanderen",62,"g1","k = 11",152,"mg1","N","N"
"396","008895711","Schendelbeke",3.899286,50.797844,26.864161849711,"Oost-Vlaanderen",17,"g1","k = 11",152,"mg4","N","N"
"397","008893526","Schoonaarde",4.011094,51.003149,21.433526011561,"Oost-Vlaanderen",25,"g1","k = 11",152,"mg4","N","N"
"398","008831088","Schulen",5.187405,50.963758,32.473988439306,"Limburg",15,"g5","k = 11",132,"mg4","N","N"
"399","008863446","Sclaigneaux",5.026363,50.492247,24.320809248555,"Namur",1,"g4","k = 11",114,"mg2","N","Y"
"400","008843133","Sclessin",5.558911,50.609844,21.878612716763,"Liège",1,"g6","k = 11",119,"mg2","N","Y"
"401","008893583","Serskamp",3.959361,50.984397,20.543352601156,"Oost-Vlaanderen",37,"g1","k = 11",152,"mg3","N","N"
"402","008883436","Silly",3.935863,50.662386,35.127167630058,"Hainaut",42,"g1","k = 11",152,"mg3","N","N"
"403","008812013","Simonis",4.32898,50.863645,19.433526011561,"Bruxelles",22,"g9","k = 11",660,"mg4","N","N"
"404","008894425","Sinaai",4.06894,51.143398,39.118497109827,"Oost-Vlaanderen",27,"g8","k = 11",334,"mg4","N","N"
"405","008892692","Sint-Denijs-Boekel",3.698395,50.874297,22.971098265896,"Oost-Vlaanderen",13,"g2","k = 11",343,"mg4","N","N"
"406","008893443","Sint-Gillis-Dendermonde",4.117832,51.021693,36.341040462428,"Oost-Vlaanderen",33,"g8","k = 11",334,"mg3","N","N"
"407","008833159","Sint-Joris-Weert",4.651728,50.800631,49.895953757225,"Vlaams Brabant",11,"g3","k = 11",300,"mg2","N","Y"
"408","008822228","Sint-Katelijne-Waver",4.496116,51.069975,31.939306358382,"Antwerpen",34,"g3","k = 11",300,"mg3","N","N"
"409","008821543","Sint-Mariaburg",4.4349,51.291658,22.242774566474,"Antwerpen",6,"g8","k = 11",334,"mg2","N","Y"
"410","008812245","Sint-Martens-Bodegem",4.205081,50.86716,39.121387283237,"Vlaams Brabant",30,"g8","k = 11",334,"mg4","N","N"
"411","008894508","Sint-Niklaas",4.142966,51.171472,127.5838150289,"Oost-Vlaanderen",108,"g8","k = 11",334,"mg1","N","N"
"412","008831807","Sint-Truiden",5.176654,50.81762,37.953757225434,"Limburg",42,"g5","k = 11",132,"mg3","N","N"
"413","008893260","Sleidinge",3.667526,51.126607,20.71098265896,"Oost-Vlaanderen",14,"g2","k = 11",343,"mg4","N","N"
"414","008883113","Soignies",4.067519,50.572763,61.78323699422,"Hainaut",44,"g10","k = 11",97,"mg3","N","N"
"415","008844404","Spa",5.855096,50.490305,21.78323699422,"Liège",2,"g6","k = 11",119,"mg2","N","Y"
"416","008844420","Spa-Géronstère",5.866207,50.489307,21.78323699422,"Liège",2,"g6","k = 11",119,"mg2","N","Y"
"417","008843406","Statte",5.219676,50.528276,43.378612716763,"Liège",17,"g6","k = 11",119,"mg4","N","N"
"418","008842853","Sy",5.523565,50.403254,25.346820809249,"Liège",8,"g6","k = 11",119,"mg2","N","Y"
"419","008874609","Tamines",4.608823,50.432235,50.99710982659,"Namur",20,"g4","k = 11",114,"mg4","N","N"
"420","008894672","Temse",4.221352,51.126085,24.453757225434,"Oost-Vlaanderen",9,"g8","k = 11",334,"mg2","N","Y"
"421","008895448","Terhagen",3.896653,50.901643,18.173410404624,"Oost-Vlaanderen",11,"g1","k = 11",152,"mg2","N","Y"
"422","008812252","Ternat",4.16534,50.874522,39.312138728324,"Vlaams Brabant",30,"g8","k = 11",334,"mg4","N","N"
"423","008833266","Testelt",4.945829,51.009864,32.473988439306,"Vlaams Brabant",15,"g3","k = 11",300,"mg4","N","N"
"424","008844339","Theux",5.815031,50.536159,21.78323699422,"Liège",2,"g6","k = 11",119,"mg2","N","Y"
"425","008881455","Thieu",4.098523,50.46954,25.85838150289,"Hainaut",1,"g10","k = 11",97,"mg2","N","Y"
"426","008884350","Thulin",3.744708,50.423335,24.670520231214,"Hainaut",23,"g7","k = 11",63,"mg4","N","N"
"427","008821964","Tielen",4.893089,51.241021,48.526011560694,"Antwerpen",33,"g3","k = 11",300,"mg3","N","N"
"428","008892254","Tielt",3.330341,50.990842,19.890173410405,"West-Vlaanderen",36,"g2","k = 11",343,"mg3","N","N"
"429","008833308","Tienen",4.92581,50.80802,77.364161849711,"Vlaams Brabant",109,"g3","k = 11",300,"mg1","N","N"
"430","008842630","Tilff",5.583937,50.570624,25.439306358382,"Liège",8,"g6","k = 11",119,"mg2","N","Y"
"431","008872553","Tilly",4.552676,50.558084,20.161849710983,"Brabant Wallon",6,"g4","k = 11",114,"mg2","N","Y"
"432","008895638","Tollembeek",3.992828,50.735522,21.736994219653,"Vlaams Brabant",16,"g1","k = 11",152,"mg4","N","N"
"433","008831310","Tongeren",5.47328,50.784405,49.945086705202,"Limburg",41,"g5","k = 11",132,"mg3","N","N"
"434","008891314","Torhout",3.105871,51.064707,34.904624277457,"West-Vlaanderen",29,"g11","k = 11",183,"mg4","N","N"
"435","008885001","Tournai",3.396942,50.613134,109.78901734104,"Hainaut",55,"g7","k = 11",63,"mg3","N","N"
"436","008844271","Trooz",5.688346,50.573213,33.014450867052,"Liège",3,"g6","k = 11",119,"mg2","N","Y"
"437","008883808","Tubize",4.205729,50.691708,76.800578034682,"Brabant Wallon",50,"g9","k = 11",660,"mg3","N","N"
"438","008821907","Turnhout",4.937415,51.322032,48.526011560694,"Antwerpen",33,"g3","k = 11",300,"mg3","N","N"
"439","008814134","Ukkel-Kalevoet/Uccle-Calevoet",4.332207,50.791749,29.757225433526,"Bruxelles",35,"g9","k = 11",660,"mg3","N","N"
"440","008814126","Ukkel-Stalle/Uccle-Stalle",4.323901,50.802411,21.728323699422,"Bruxelles",18,"g9","k = 11",660,"mg4","N","N"
"441","008811270","Veltem",4.633516,50.900519,49.153179190751,"Vlaams Brabant",29,"g3","k = 11",300,"mg4","N","N"
"442","008833050","Vertrijk",4.835522,50.836282,18.138728323699,"Vlaams Brabant",37,"g3","k = 11",300,"mg3","N","N"
"443","008844008","Verviers-Central",5.854917,50.588135,82.173410404624,"Liège",49,"g6","k = 11",119,"mg3","N","N"
"444","008844057","Verviers-Palais",5.865335,50.590921,21.014450867052,"Liège",2,"g6","k = 11",119,"mg2","N","Y"
"445","008892304","Veurne",2.66994,51.073867,19.823699421965,"West-Vlaanderen",36,"g11","k = 11",183,"mg3","N","N"
"446","008895612","Viane-Moerbeke",3.917337,50.751981,21.736994219653,"Oost-Vlaanderen",16,"g1","k = 11",152,"mg4","N","N"
"447","008896230","Vichte",3.39163,50.833657,22.650289017341,"West-Vlaanderen",3,"g11","k = 11",183,"mg2","N","Y"
"448","008895489","Vijfhuizen",3.98125,50.943254,7.2976878612717,"Oost-Vlaanderen",1,"g1","k = 11",152,"mg2","N","Y"
"449","008884632","Ville-Pommerœul",3.724248,50.464542,4.9479768786127,"Hainaut",1,"g7","k = 11",63,"mg2","N","Y"
"450","008872579","Villers-la-Ville",4.533349,50.578103,20.161849710983,"Brabant Wallon",6,"g4","k = 11",114,"mg2","N","Y"
"451","008811189","Vilvoorde",4.432823,50.924583,130.41329479769,"Vlaams Brabant",116,"g9","k = 11",660,"mg1","N","N"
"452","008846201","Visé",5.692544,50.73776,35.627167630058,"Liège",10,"g6","k = 11",119,"mg2","N","Y"
"453","008841327","Voroux",5.429556,50.66181,21.083815028902,"Liège",4,"g6","k = 11",119,"mg2","N","Y"
"454","008893815","Waarschoot",3.615353,51.154608,20.71098265896,"Oost-Vlaanderen",14,"g2","k = 11",343,"mg4","N","N"
"455","008896149","Waregem",3.42551,50.892456,59.245664739884,"West-Vlaanderen",62,"g11","k = 11",183,"mg1","N","N"
"456","008841400","Waremme",5.249475,50.694549,50.841040462428,"Liège",32,"g6","k = 11",119,"mg3","N","N"
"457","008814266","Waterloo",4.383481,50.715422,51.696531791908,"Brabant Wallon",47,"g9","k = 11",660,"mg3","N","N"
"458","008811429","Watermaal/Watermael",4.399887,50.80917,18.28323699422,"Bruxelles",19,"g9","k = 11",660,"mg4","N","N"
"459","008811726","Wavre",4.604778,50.716267,54.973988439306,"Brabant Wallon",11,"g4","k = 11",114,"mg2","N","Y"
"460","008822251","Weerde",4.470937,50.977449,41.924855491329,"Vlaams Brabant",51,"g3","k = 11",300,"mg3","N","N"
"461","008844503","Welkenraedt",5.975381,50.659707,51.566473988439,"Liège",46,"g6","k = 11",119,"mg3","N","N"
"462","008895851","Welle",4.05062,50.903279,18.173410404624,"Oost-Vlaanderen",11,"g1","k = 11",152,"mg2","N","Y"
"463","008896396","Wervik",3.046983,50.781861,22.445086705202,"West-Vlaanderen",29,"g11","k = 11",183,"mg4","N","N"
"464","008822525","Wespelaar-Tildonk",4.638011,50.958544,43.942196531792,"Vlaams Brabant",26,"g3","k = 11",300,"mg4","N","N"
"465","008893559","Wetteren",3.881883,51.001603,74.606936416185,"Oost-Vlaanderen",109,"g1","k = 11",152,"mg1","N","N"
"466","008896370","Wevelgem",3.18352,50.811526,22.445086705202,"West-Vlaanderen",29,"g11","k = 11",183,"mg4","N","N"
"467","008833233","Wezemaal",4.747679,50.956261,66.71676300578,"Vlaams Brabant",49,"g3","k = 11",300,"mg3","N","N"
"468","008893534","Wichelen",3.969195,51.001962,15.075144508671,"Oost-Vlaanderen",25,"g1","k = 11",152,"mg4","N","N"
"469","008833175","Wijgmaal",4.701475,50.92274,43.942196531792,"Vlaams Brabant",26,"g3","k = 11",300,"mg4","N","N"
"470","008821436","Wildert",4.46335,51.428087,22.242774566474,"Antwerpen",6,"g8","k = 11",334,"mg2","N","Y"
"471","008822608","Willebroek",4.356019,51.066343,27.867052023121,"Antwerpen",9,"g8","k = 11",334,"mg2","N","Y"
"472","008821709","Wolfstee",4.786144,51.168361,12.658959537572,"Antwerpen",7,"g3","k = 11",300,"mg2","N","Y"
"473","008893211","Wondelgem",3.719071,51.088357,20.71098265896,"Oost-Vlaanderen",14,"g2","k = 11",343,"mg4","N","N"
"474","008895737","Zandbergen",3.957653,50.806986,26.864161849711,"Oost-Vlaanderen",17,"g1","k = 11",152,"mg4","N","N"
"475","008811221","Zaventem",4.469886,50.885723,72.329479768786,"Vlaams Brabant",52,"g9","k = 11",660,"mg3","N","N"
"476","008891264","Zedelgem",3.16414,51.127047,32.832369942197,"West-Vlaanderen",28,"g11","k = 11",183,"mg4","N","N"
"477","008891553","Zeebrugge-Dorp",3.19517,51.326383,7.7601156069364,"West-Vlaanderen",19,"g11","k = 11",183,"mg4","N","N"
"478","008891173","Zeebrugge-Strand",3.186666,51.324549,5.7456647398844,"West-Vlaanderen",0,"g11","k = 11",183,"mg2","N","Y"
"479","008894235","Zele",4.041999,51.073256,24.228323699422,"Oost-Vlaanderen",23,"g8","k = 11",334,"mg4","N","N"
"480","008812062","Zellik",4.274541,50.890028,38.589595375723,"Vlaams Brabant",36,"g8","k = 11",334,"mg3","N","N"
"481","008833274","Zichem",4.987359,51.00669,32.473988439306,"Vlaams Brabant",15,"g3","k = 11",300,"mg4","N","N"
"482","008892635","Zingem",3.646384,50.908025,24.416184971098,"Oost-Vlaanderen",16,"g2","k = 11",343,"mg4","N","N"
"483","008832250","Zolder",5.3299,51.033548,28.393063583815,"Limburg",3,"g5","k = 11",132,"mg2","N","Y"
"484","008832334","Zonhoven",5.348815,50.989557,28.393063583815,"Limburg",3,"g5","k = 11",132,"mg2","N","Y"
"485","008895208","Zottegem",3.81441,50.869102,78.164739884393,"Oost-Vlaanderen",48,"g2","k = 11",343,"mg3","N","N"
"486","008891611","Zwankendamme",3.191557,51.306409,0,"West-Vlaanderen",0,"g11","k = 11",183,"mg2","N","Y"
"487","008894821","Zwijndrecht",4.32978,51.214108,30.433526011561,"Antwerpen",9,"g8","k = 11",334,"mg2","N","Y"
"488","008815016","Thurn en Taxis/Tour et Taxis",4.3485929,50.8642714,0,"Bruxelles",22,"g9","k = 11",660,"mg4","N","N"
"489","008811403","Mouterij/Germoir",4.37866,50.829929,0,"Bruxelles",22,"g9","k = 11",660,"mg4","N","N"
"490","008814472","Arcaden/Arcades",4.398333,50.809722,0,"Bruxelles",3,"g9","k = 11",660,"mg2","N","Y"
